Library Name,Library ID,Address,Contact Info,Services
Valittukirjasto: Arabianrannan kirjasto,84921,"Hämeentie 135 A, 00560 Helsinki",arabianrannan_kirjasto@hel.fi,"E-lehtipalvelupiste          



            Kopiokone (väri)          



            Kuulokkeet          



            Muistikortinlukijat          



            Piano          



            Skanneri          



            Tietokoneet          



            Ukulele | Arabia-kokoelma          



            E-kirjasto (e-kirjat, äänikirjat, digilehdet)          



            Ekohylly          



            Sateenkaarihylly          



            Shakki ja Backgammon | Avoinna lauantaisin          



            Celia-verkkoasiakkaaksi rekisteröityminen          



            Digituki          



            Helsingin historian lukupiiri          



            Itsepalvelutulostus          



            Kaukopalvelu          



            Kirjakierrätyspiste          



            Korttimaksumahdollisuus          



            Lainattavia esineitä          



            Langaton verkko (Wi-Fi)          



            Lukukoira          



            Pikainen asiointi koiran kanssa          



            Tekniikan museon Juniorikortti | Fakta vai Feikki -muraali          



            Helsingin Taiteilijaseuran näyttely          



            Riikka Kevon taideteos Seinä, jota ei ole"
Valittukirjasto: Auroran sairaalan potilaskirjasto,84849,"Nordenskiöldinkatu 20, rak. 3 B-rappu, 00250 Helsinki",auroran.potilaskirjasto@hel.fi,"Tietokoneet | E-kirjasto (e-kirjat, äänikirjat, digilehdet)"
Valittukirjasto: Entressen kirjasto,84787,"Siltakatu 11, 02770 Espoo",kirjasto.entresse@espoo.fi,"Avoinna lauantaisin              

                  Avoinna sunnuntaisin              


            Biljardi          



            Celia-verkkoasiakkaaksi rekisteröityminen          



            Digituki          



            Enter ry:n opastukset          



            Ilmainen WIFI          



            Itsepalvelutulostus          



            Kaukopalvelu          



            Kirjakierrätyspiste          



            Koirat sallittu          



            Korttimaksumahdollisuus          



            Koulu- ja päiväkotiyhteistyö, kirjastonkäytön opetus ja ryhmäkäynnit          



            Tapahtuman järjestäminen kirjastossa          



            Ulkopelit          



            Varausten itsepalvelunouto | 3D-tulostin          



            Asiakastietokoneet          



            Digitaalipiano          



            Kopiokone          



            Kuva-Digitointi          



            Lainattavat esineet          



            Ompelukone          



            Pelikonsoli          



            Roskapihdit          



            Saumuri          



            Skanneri          



            Vinyylileikkuri ja lämpöprässi | Aikuisten pelihuone          



            Esiintymislava Estradi          



            Hiljainen työskentelytila          



            Kokoustila Aisti          



            Kokoustila Sininen huone          



            Musahuone          



            Näyttelyseinä          



            Paja | E-kirjasto (e-kirjat, äänikirjat, digilehdet)          



            Lautapelejä"
Valittukirjasto: Etelä-Haagan kirjasto,84878,"Isonnevantie 16 B, 00320 Helsinki",etela-haagan_kirjasto@hel.fi,"Avoinna lauantaisin              


            Digituki          



            Enter ry:n opastukset          



            Itsepalvelutulostus          


                  Kahviautomaatti              


            Kirjakierrätyspiste          



            Koirat sallittu          



            Korttimaksumahdollisuus          



            Langaton verkko (Wi-Fi)          



            Palautusluukku          



            Paristojen kierrätyspiste          



            Tavaroiden kierrätyspiste          



            Ulkopelejä | E-kirjasto (e-kirjat, äänikirjat, digilehdet)          



            Lautapelit          



            Sateenkaarihylly | Energiankulutusmittari          



            Henkilökortinlukija          



            Kopiokone (väri)          



            Kuntoiluvälineet          



            Lumikengät          



            Muistikortinlukija          



            Muistitikku          



            Nokkakärryt          



            Ompelukone          



            Poravasara          



            Radiokuulonsuojaimet          



            Roskapihdit          



            Soittimet          



            Tietokoneet          



            Tulostin (väri)          



            Whisbear nukahtamislelu | Näyttelytila          



            Oma Huone"
Valittukirjasto: Hakunilan kirjasto,84869,"Kimokuja 5, 01200 Vantaa",hakunila.kirjasto@vantaa.fi,"Avoinna lauantaisin          



            Celia-verkkoasiakkaaksi rekisteröityminen          



            Digituki          



            Itsepalvelutulostus          



            Kirjakierrätys          



            Kirjapaketit perheille          


                  Koirat sallittu              


            Lainaus-ja palautusautomaatit          



            Langaton verkko (Wi-Fi)          



            Lukupiirit          



            Ulkopelit          


                  Varausten itsepalvelunouto | Dataprojektori          



            Digilehtien lukupiste          



            Digitaalipiano          



            Energiankulutusmittari          



            Erilliset näppäimistöt          



            Monitoimilaite          



            Pelikonsolit          


                  Roskapihdit              


            Skannerit          



            Tablettitietokoneet          



            Tietokoneet | E-kirjasto (e-kirjat, äänikirjat, digilehdet)          



            Lautapelit          



            Lehdet | Monitoimihuone          



            Näyttelytila          



            Työtila Hiljainen huone"
Valittukirjasto: Haukilahden kirjasto,84918,"Toppelundintie 11, 02170 Espoo",kirjasto.haukilahti@espoo.fi,"Kopiokone          



            Paperisilppuri          



            Skanneri          



            Tietokoneet          



            Tulostin | Avoinna lauantaisin          



            Avoinna sunnuntaisin          



            Digituki          



            Kaukopalvelu          



            Kirjakierrätyspiste          



            Koirat sallittu          



            Korttimaksumahdollisuus          



            Koulu- ja päiväkotiyhteistyö, kirjastonkäytön opetus ja ryhmäkäynnit          



            Langaton verkko (Wi-Fi)          



            Omatoimikirjasto          



            Palautusluukku | Ryhmätila | E-kirjasto (e-kirjat, äänikirjat, digilehdet)"
Valittukirjasto: Keskustakirjasto Oodi,86476,"Töölönlahdenkatu 4, 00100 Helsinki",oodi@hel.fi,"E-kirjasto (e-kirjat, äänikirjat, digilehdet)          



            Ekohylly          



            Kokoelmat          



            Käsikirjat          



            Lautapelit          



            Lehdet          



            Sateenkaarihylly | 3D-tulostimet          



            A2-tulostin ja A3-skanneri          



            Desibelimittari          



            Elektroniikkatyöpiste          



            Filmiskannerit          



            Kaiverruskone          



            Kampasidontalaite          



            Kirjova ompelukone          



            Kopiokoneet (väri)          



            Lainattavat lisätarvikkeet          



            Lainausautomaatti          



            Laserleikkuri          



            Latauspiste          



            Lehdenlukutabletit          



            Mediatyöasemat          



            Ompelukoneet          



            Palautusautomaatti          



            Pelikonsolit          



            Podcast-setti          



            Pyörätuoli          



            Rintanappikone          



            Roskapihdit          



            Saumurit          



            Skannerit          



            Soittimet          



            Suurkuvatulostin          



            Sähkönkulutusmittarit          



            Tietokoneet          



            Tulostimet (väri)          



            UV-tulostin          



            Vinyylileikkuri ja lämpöprässi | Avoinna lauantaisin          



            Avoinna sunnuntaisin          



            Celia-verkkoasiakkaaksi rekisteröityminen          



            Digituki          



            Elokuvaesitykset          



            Enter ry:n opastukset          



            Esteettömyys          



            EU@Oodi          



            Helsinki-info          



            Kahvilat          



            Kaukopalvelu          



            Kaupunkiverstas          



            Kirjallisuustapahtumat ja lukupiirit          



            Koirat kielletty          



            Korttimaksumahdollisuus          



            Käteismaksumahdollisuus          



            Langaton verkko          



            Lasten ja perheiden palvelut          



            Leikkipuisto Loru          



            Nuorisotila          



            Studiot          



            Tutustumiskierrokset          



            Työpajat koulu- ja päiväkotiryhmille          



            Ulkopelit          



            Varausten itsepalvelunouto | Akustisten soitinten studio          



            Aura          



            Bändi- ja laulustudio          



            Digitointistudio          



            Editointistudio          



            Elektronisen musiikin studio          



            Istuskeluportaat          



            Kansalaisparveke          



            Keittiö          



            Kino Regina          



            Kuutio          



            Lasten tapahtumatila          



            Lehtialue          



            Lukusali          



            Maijansali          



            Pelitilat          



            Pop up -alue          



            Ryhmätilat          



            Saarikoski-matto          



            Satuhuone          



            Työskentelypisteet          



            Työtilat          



            Valokuva- ja videostudio          



            Vaunuparkki          



            Vauvanhoitohuone          



            Äänitysstudio"
Valittukirjasto: Herttoniemen kirjasto,84911,"Linnanrakentajantie 2, 00880 Helsinki",herttoniemen_kirjasto@hel.fi,"Akkuporakone/ruuvinväännin          



            Digitaalipiano          


                  E-lehtien lukulaitteet              


            Kopiokone (väri)          



            Kuulokkeet          



            Monitoimilaite          


                  Nokkakärryt              


            Ompelukone          



            Roskapihdit          



            Skanneri          



            Tietokoneet          



            Tulostin (väri) | Avoinna lauantaisin          



            Celia-verkkoasiakkaaksi rekisteröityminen          



            Digituki          



            Enter ry:n opastukset          



            Itsepalvelutulostus          



            Kirjakierrätys          



            Koirat sallittu          



            Korttimaksumahdollisuus          



            Langaton verkko (Wi-Fi)          



            Lukupiirit          



            Omatoimikirjasto | E-kirjasto (e-kirjat, äänikirjat, digilehdet)          



            Ekohylly          



            Lautapelit          



            Lehdet          



            Sateenkaarihylly | Kokoustila          



            Lukusali          



            Näyttelytila          



            Tilojen varaaminen          



            Vauvanhoitohuone"
Valittukirjasto: Hiekkaharjun kirjasto,84872,"Urheilutie 4, 01370 Vantaa",hiekkaharju-sandkulla.kirjasto@vantaa.fi,"Tietokoneet | Kirjavinkkaus 1.-6. luokille ja 7. luokalle, jatkuu muualla.          



            Langaton verkko (Wi-Fi)          



            Satutuokiot, loruleikki ja kirjavinkkaus 1.-3. luokille, jatkuu muualla. | E-kirjasto (e-kirjat, äänikirjat, digilehdet)"
Valittukirjasto: Ison Omenan kirjasto,84834,"Suomenlahdentie 1, 02230 Espoo",kirjasto.omena@espoo.fi,"Avoinna lauantaisin              

                  Avoinna sunnuntaisin              


            Biljardi          



            Celia-verkkoasiakkaaksi rekisteröityminen          



            Digituki          



            Enter ry:n opastukset          



            Ison Omenan palvelutori          



            Itsepalvelutulostus          



            Kahviautomaatti          



            Kahvilat          



            Kaukopalvelu          



            Kirjakierrätyspiste          



            Koirat sallittu          



            Korttimaksumahdollisuus          



            Koulu- ja päiväkotiyhteistyö, kirjastonkäytön opetus ja ryhmäkäynnit          



            Lainaus- ja palautusautomaatit          



            Langaton verkko (Wi-Fi)          



            Lastenpalvelut          



            Matinkylän asiointipiste          



            Pingis          



            Tapahtuman järjestäminen kirjastossa          



            Valkokangas          



            Varausten itsepalvelunouto | Hiljainen työskentelytila          



            Kokoustila          



            Musiikkistudio          



            Nuortentila VOX          



            Paja          



            Soittohuoneet          



            Stage | 3D-tulostimet          



            Asiakastietokoneet          



            Energiankulutusmittari          



            Kopiokone          



            Lainattava tietokone          



            Lainattavat esineet          



            Ompelukone          



            Piano          



            Skanneri          



            Tuhottavien paperien säiliö          



            Työkaluja          



            Vinyylileikkuri ja lämpöprässi | E-kirjasto (e-kirjat, äänikirjat, digilehdet)          



            Lautapelit"
Valittukirjasto: Itäkeskuksen kirjasto,84927,"Turunlinnantie 1, 00900 Helsinki",itakeskuksen_kirjasto@hel.fi,"AV-studio          



            Kokoushuone          



            Lukusali          



            Ryhmätila Vuokko          



            Ryhmätyötila Minttu          



            Ryhmätyötila Ruusu          



            Ryhmätyötila Sini | E-kirjasto (e-kirjat, äänikirjat, digilehdet)          



            Ekohylly          



            Lautapelit          


                  Lehtialue              


            Sateenkaarihylly | Avoinna lauantaisin          



            Avoinna sunnuntaisin          



            Celia-verkkoasiakkaaksi rekisteröityminen          



            Digituki          



            Enter ry:n opastukset          



            Itsepalvelulainaus ja -palautus          



            Itsepalvelutulostus          



            Kahvila          



            Kirjankierrätyspiste          


                  Koirat sallittu              

                  Korttimaksumahdollisuus              


            Koulu- ja päiväkotiyhteistyö, kirjastonkäytön opetus ja kiertokäynnit          


                  Käteismaksumahdollisuus              


            Langaton verkko (Wi-Fi)          



            Lukukoira          



            Lukupiirit          



            Musiikin kuuntelumahdollisuus          



            Satutunnit          


                  Varausten itsepalvelunouto | 3D-tulostin          



            Arabiankielinen näppäimistö          



            Digitaalipiano          



            Digitointilaite          



            Hublet-tabletit          



            Kannettavat tietokoneet          



            Kopiokone (väri)          



            Kyrillinen näppäimistö          



            Lainattavat soittimet          



            Lainausautomaatti          



            Lehdenlukutabletti          



            Lyömäsoitinlaukku          



            Olosuhdemittain          



            Ompelukoneet          



            Palautusautomaatti          



            Pelikonsoli          



            Puhelinten latauskaappi          



            Roskapihdit          


                  Tietokoneet              

                  Tulostimet (väri)              


            Vinyylileikkuri ja lämpöprässi"
Valittukirjasto: Jakomäen kirjasto,84854,"Jakomäenpolku 3, 00770 Helsinki",jakomaen_kirjasto@hel.fi,"3D-tulostin          



            Erilliset näppäimistöt          



            Kannettavat tietokoneet          



            Kopiokoneet (väri)          



            Kuntoiluvälineet          



            Kävelysauvat          


                  Lehdenlukutabletit              


            Pelikonsolit          



            Senioriliikuntareppu          



            Skanneri          


                  Sähkönkulutusmittarit | E-kirjasto (e-kirjat, äänikirjat, digilehdet)          



            e-lehdet          


                  Lautapelit              

                  Lehdet | Avoinna lauantaisin          



            Celia-verkkoasiakkaaksi rekisteröityminen          



            Digituki          


                  Itsepalvelulainaus ja -palautus              


            Itsepalvelutulostus          



            Kaukopalvelu          



            Kirjakierrätyspiste          


                  Koirat sallittu              

                  Korttimaksumahdollisuus              


            Kouluyhteistyö, kirjastonkäytön opetus ja kiertokäynnit          


                  Langaton verkko              

                  Lukupiirit              

                  Varausten itsepalvelunouto              

                  Vesiautomaatti | Lehtilukusali"
Valittukirjasto: Jätkäsaaren kirjasto,86406,"Tyynenmerenkatu 1, 00220 Helsinki",jatkasaaren_kirjasto@hel.fi,"Avoinna lauantaisin              


            Digituki          


                  Itsepalvelutulostus              

                  Koirat sallittu              

                  Korttimaksumahdollisuus              

                  Langaton verkko (Wi-Fi) | Kopiokoneet (mustavalko)              

                  Kopiokoneet (väri)              

                  Pelikonsolit              

                  Skannerit              

                  Tietokoneet              

                  Tulostin (mustavalko)              

                  Tulostin (väri) | E-kirjasto (e-kirjat, äänikirjat, digilehdet)          


                  Lautapelit"
Valittukirjasto: Kalajärven kirjasto,84833,"Ruskaniitty 4, 02970 Espoo",kirjasto.kalajarvi@espoo.fi,"Avoinna lauantaisin          



            Avoinna sunnuntaisin          



            Digituki          



            Itsepalvelutulostus          



            Kaukopalvelu          



            Koirat sallittu          



            Korttimaksumahdollisuus          



            Koulu- ja päiväkotiyhteistyö, kirjastonkäytön opetus ja ryhmäkäynnit          



            Langaton verkko (Wi-Fi)          



            Omatoimikirjasto | Asiakastietokoneet          



            Kopiokone          



            Skannerit          



            Sähkönkulutusmittarit | E-kirjasto (e-kirjat, äänikirjat, digilehdet)"
Valittukirjasto: Kalasataman kirjasto,86738,"Hermannin rantatie 5, 00580 Helsinki",kalasataman_kirjasto@hel.fi,"Avoinna lauantaisin              


            Celia-verkkoasiakkaaksi rekisteröityminen          



            Digituki          



            Itsepalvelutulostus          



            Kaukopalvelu          



            Kirjastonkäytön ryhmäopastus          


                  Koirat sallittu              


            Korttimaksumahdollisuus          



            Lainattava Korkeasaaren kausikortti          



            Lainaus-ja palautusautomaatit          



            Langaton verkko (Wi-Fi)          


                  Lukupiirit | Digilehtien lukupiste          



            Kopiokone          



            Monitoimilaite          



            Pelikonsolit          



            Tietokoneet | E-kirjasto (e-kirjat, äänikirjat, digilehdet)          



            Lautapelit          



            Lehdet          



            Sateenkaarihylly"
Valittukirjasto: Kallion kirjasto,84860,"Viides linja 11, 00530 Helsinki",kallion_kirjasto@hel.fi,"Avoinna lauantaisin              

                  Avoinna sunnuntaisin              


            Celia-verkkoasiakkaaksi rekisteröityminen          



            Digituki          



            Enter ry:n opastukset          



            Kaukopalvelu          



            Kirjakierrätys          



            Käteismaksumahdollisuus          


                  Langaton verkko (Wi-Fi)              


            Ulkopelit | Hiljainen työskentelytila          



            Näyttelytila          



            Ryhmätila Kontio          



            Ryhmätila Otso          



            Vuokrattava ryhmätila Dekkarikirjasto | E-kirjasto (e-kirjat, äänikirjat, digilehdet)          



            Ekohylly          



            Käsikirjasto          



            Lautapelit          



            Lukupysäkki          



            Sateenkaarihylly | A-tikkaat          



            Energiankulutusmittari          



            Infrapunalämpömittari          



            Kannettavat tietokoneet          



            Kopiokone (väri)          



            Kosteusmittari          



            Liikuntavälineet          



            Muistikortinlukijat          



            Nokkakärryt          



            Radonmittari          



            Rakenneilmaisin          



            Roskapihdit          



            Skanneri          



            Soittimet          



            Tietokoneet          



            Tulostimet (väri)"
Valittukirjasto: Kannelmäen kirjasto,84847,"Klaneettitie 5, 00420 Helsinki",kannelmaen_kirjasto@hel.fi,"Dataprojektori          



            Digilehtien lukupiste          


                  Kopiokone (väri)              


            Kuntoiluvälineet          



            Kuulokkeet          



            Lainaus- ja palautusautomaatit          



            Laminointilaite          



            Latauskaappi kännykälle          



            Muistikortinlukijat          



            Ompelukone          



            Roskapihdit          


                  Skanneri              


            Tietokoneet          



            Tulostin (väri) | Avoinna lauantaisin          



            Celia-verkkoasiakkaaksi rekisteröityminen          



            Digituki          



            Enter ry:n opastukset          


                  Itsepalvelutulostus              


            Kirjakierrätyspiste          


                  Koirat kielletty              

                  Korttimaksumahdollisuus              


            Langaton verkko (Wi-Fi)          



            Lukupiirit          


                  Mikroaaltouuni              

                  Musiikin kuuntelumahdollisuus              


            Valkokangas | E-kirjasto (e-kirjat, äänikirjat, digilehdet)          


                  ePress-lehtipalvelu              

                  Lautapelit              


            Sateenkaarihylly | Lehtilukusalit              


            Monitoimitila Tempo          



            Näyttelytila          



            Työhuone"
Valittukirjasto: Käpylän kirjasto,84861,"Väinölänkatu 5, 00610 Helsinki",kapylan_kirjasto@hel.fi,"Dataprojektori          


                  Kopiokone (väri)              


            Muistikortinlukija          


                  Skanneri              


            Tietokoneet          


                  Tulostin (väri) | E-kirjasto (e-kirjat, äänikirjat, digilehdet)          



            Sateenkaarihylly | Celia-verkkoasiakkaaksi rekisteröityminen          



            Kirjakierrätyspiste          


                  Koirat sallittu              


            Langaton verkko (Wi-Fi)          



            Valkokangas | Näyttelytila"
Valittukirjasto: Karhusuon kirjasto,84789,"Karhuniitynkuja 3, 02810 Espoo",kirjasto.karhusuo@espoo.fi,"Avoinna lauantaisin          



            Avoinna sunnuntaisin          



            Kaukopalvelu          



            Koirat sallittu          



            Korttimaksumahdollisuus          



            Koulu- ja päiväkotiyhteistyö, kirjastonkäytön opetus ja ryhmäkäynnit          



            Langaton verkko (Wi-Fi)          



            Omatoimikirjasto | Asiakastietokoneet          



            Kopiokone          



            Skanneri          



            Tulostimet | E-kirjasto (e-kirjat, äänikirjat, digilehdet)"
Valittukirjasto: Kauklahden kirjasto,84790,"Hansakallio 2, 02780 Espoo",kirjasto.kauklahti@espoo.fi,"Asiakastietokoneet          



            Kopiokone          



            Roskapihdit          



            Skannerit          



            Tulostimet (väri) | Avoinna lauantaisin          



            Avoinna sunnuntaisin          



            Celia-verkkoasiakkaaksi rekisteröityminen          



            Digituki          



            Kaukopalvelu          



            Kirjakierrätys          



            Koirat sallittu          



            Korttimaksumahdollisuus          



            Koulu- ja päiväkotiyhteistyö, kirjastonkäytön opetus ja ryhmäkäynnit          



            Langaton verkko          



            Omatoimikirjasto          



            Varausten itsepalvelunouto | E-kirjasto (e-kirjat, äänikirjat, digilehdet)          



            Lautapelit | Kokoustilat"
Valittukirjasto: Kauniaisten kirjasto,84779,"Palokunnantie 3, 02700 Kauniainen",kirjasto@kauniainen.fi,"Energiankulutusmittari          



            Kopiokone (väri)          



            Skannerit          



            Sydäniskuri          



            Tablettitietokoneet          



            Tietokoneet          



            Tuhottavien paperien säiliö          



            Tulostin (väri) | Celia-verkkoasiakkaaksi rekisteröityminen          



            Korttimaksumahdollisuus          


                  Käteismaksumahdollisuus              


            Langaton verkko (Wi-Fi)          



            Lukupiirit          



            Omatoimikirjasto          



            Palautusluukku          



            Ulkopelejä | E-kirjasto (e-kirjat, äänikirjat, digilehdet) | Satuhuone"
Valittukirjasto: Koivukylän kirjasto,84873,"Ojalehdonkuja 1, 01400 Vantaa",koivukyla.kirjasto@vantaa.fi,"Avoinna lauantaisin          



            Celia-verkkoasiakkaaksi rekisteröityminen          



            Digituki          



            Itsepalvelulainaus ja -palautus          


                  Itsepalvelutulostus              


            Koirat kielletty          



            Langaton verkko          



            Varausten itsepalvelunouto | E-lehtien lukulaitteet          



            Erilliset näppäimistöt          



            Kannettavat tietokoneet          



            Kuulokkeet          



            Monitoimilaite          



            Pelikonsolit          



            Roskapihdit          



            Sähkönkulutusmittarit          



            Taustamelua vähentävät kuulokkeet | E-kirjasto (e-kirjat, äänikirjat, digilehdet)          



            Lautapelit          



            Lehdet | Hiljainen työskentelytila"
Valittukirjasto: Kontulan kirjasto,84863,"Ostostie 4, 00940 Helsinki",kontulan_kirjasto@hel.fi,"Avoinna lauantaisin          



            Celia-verkkoasiakkaaksi rekisteröityminen          



            Digitukea seniorilta seniorille          



            Digituki maahanmuuttajille          


                  Koirat sallittu              


            Korttimaksumahdollisuus          



            Langaton verkko (Wi-Fi) | 3D-tulostin          



            Dataprojektori          



            Hattuprässi          



            Kopiokone (väri)          



            Kävelysauvat          



            Ompelukone          



            Pelikonsoli          



            Pintalämpömittari          


                  Radonmittari              


            Roskapihdit          



            Skanneri          



            Suurkuvatulostimet          


                  Sähkönkulutusmittari              


            T-paidat, kangaskassit          



            Tietokoneet          



            Tulostin          



            Vinyylileikkuri | E-kirjasto (e-kirjat, äänikirjat, digilehdet)          



            Lautapelit          



            Sateenkaarihylly | Lukusali"
Valittukirjasto: Kontulan palvelukeskuskirjasto,84750,"Kontukuja 5, 00940 Helsinki",kontulan_kirjasto@hel.fi,"E-kirjasto (e-kirjat, äänikirjat, digilehdet)"
Valittukirjasto: Kustaankartanon palvelukeskuskirjasto,84751,"Oltermannintie 32, rakennus E, 00620 Helsinki",oulunkylan_kirjasto@hel.fi,"E-kirjasto (e-kirjat, äänikirjat, digilehdet) | Celia-verkkoasiakkaaksi rekisteröityminen"
Valittukirjasto: Laajalahden kirjasto,84793,"Kurkijoentie 24, 02140 Espoo",kirjasto.laajalahti@espoo.fi,"Kopiokoneet (väri)          



            Monitoimilaite          



            Tietokoneet          



            Tulostin | Avoinna lauantaisin          



            Avoinna sunnuntaisin          



            Digituki          



            Kaukopalvelu          



            Kirjakierrätyspiste          



            Koirat sallittu          



            Korttimaksumahdollisuus          



            Koulu- ja päiväkotiyhteistyö, kirjastonkäytön opetus ja ryhmäkäynnit          



            Langaton verkko (Wi-Fi)          



            Omatoimikirjasto | Kokoustilat | E-kirjasto (e-kirjat, äänikirjat, digilehdet)          



            Lautapelit"
Valittukirjasto: Laajasalon kirjasto,84848,"Yliskylän puistokatu 4, 00840 Helsinki",laajasalon_kirjasto@hel.fi,"Avoinna lauantaisin          



            Celia-verkkoasiakkaaksi rekisteröityminen          



            Digituki          



            Enter ry:n opastukset          



            Itsepalvelutulostus          



            Kirjakierrätys          



            Koirat sallittu          



            Korttimaksumahdollisuus          



            Langaton verkko (Wi-Fi)          



            Lukupiirit          



            Omatoimikirjasto          



            Ulkopelit | E-kirjasto (e-kirjat, äänikirjat, digilehdet)          



            Ekohylly          



            Lautapelit          



            Lehdet          



            Sateenkaarihylly | Kokoushuone Luoto          



            Lukusali Tyyni          



            Näyttelytila Galleria Salmi          



            Terassi          



            Tilojen varaaminen | Digitaalipiano          



            Kopiokone (väri)          



            Kuulokkeet          


                  Kävelysauvat              


            Ompelukone          



            Roskapihdit          



            Skanneri          



            Sähkönkulutusmittarit          



            Tietokoneet          



            Tulostimet (väri)"
Valittukirjasto: Laaksolahden kirjasto,84794,"Veininkatu 24, 02730 Espoo",kirjasto.laaksolahti@espoo.fi,"Kopiokone (väri)          



            Skanneri          



            Tietokoneet          



            Tulostin (väri) | E-kirjasto (e-kirjat, äänikirjat, digilehdet)          



            Lautapelit          



            Lehdet | Avoinna lauantaisin          



            Avoinna sunnuntaisin          



            Digituki          



            Kaukopalvelu          



            Koirat sallittu          



            Korttimaksumahdollisuus          



            Koulu- ja päiväkotiyhteistyö, kirjastonkäytön opetus ja ryhmäkäynnit          



            Langaton verkko (Wi-Fi)          



            Omatoimikirjasto | Näyttelytila"
Valittukirjasto: Länsimäen kirjasto,84875,"Suunnistajankuja 2, 01280 Vantaa",lansimaki.kirjasto@vantaa.fi,"Akkuiskuporakone          



            Erilliset näppäimistöt          



            Kopiokoneet (mustavalko)          



            Kopiokoneet (väri)          



            Latauslaitteet          



            Roskapihdit          



            Skannerit          



            Tietokoneet          



            Tulostimet (mustavalko)          



            Tulostimet (väri) | Celia-verkkoasiakkaaksi rekisteröityminen          



            Itsepalvelulainaus ja -palautus          



            Kirjapaketit perheille          


                  Koirat sallittu              


            Langaton verkko          



            Omatoimikirjasto          


                  Varausten itsepalvelunouto | E-kirjasto (e-kirjat, äänikirjat, digilehdet)          



            Lautapelit          



            Lehdet | Kokoushuone Salonki          



            Lehtilukusalit"
Valittukirjasto: Lauttasaaren kirjasto,84864,"Pajalahdentie 10 a, 00200 Helsinki",lauttasaaren_kirjasto@hel.fi,"Avoinna lauantaisin          



            Celia-verkkoasiakkaaksi rekisteröityminen          


                  Itsepalvelulainaus ja -palautus              


            Itsepalvelutulostus          


                  Kahviautomaatti              

                  Koirat kielletty              

                  Korttimaksumahdollisuus              


            Langaton verkko (Wi-Fi)          



            Näyttelyvitriini          



            Omatoimikirjasto | Energiamittari          



            Kannettavat tietokoneet          



            Kopiokone (väri)          



            Kosteusmittari          



            Radonmittari          


                  Skanneri              


            Tietokoneet          


                  Tulostimet (väri) | E-kirjasto (e-kirjat, äänikirjat, digilehdet) | Lehtilukusalit"
Valittukirjasto: Lippulaivan kirjasto,86685,"Espoonlahdenkatu 8, 02320 Espoo",kirjasto.lippulaiva@espoo.fi,"3D-tulostimet          



            Kannettavat tietokoneet          



            Kopiokone          



            Lainattavat esineet          



            Lainaus- ja palautusautomaatit          



            Ompelukoneet          



            Pelikonsolit          



            Saumuri          



            Skannerit          



            Tuhottavan paperin säilö | Avoinna lauantaisin              

                  Avoinna sunnuntaisin              


            Biljardi          



            Celia-verkkoasiakkaaksi rekisteröityminen          



            Itsepalvelutulostus          



            Kaukopalvelu          



            Kirjakierrätys          



            Koirat sallittu          



            Korttimaksumahdollisuus          



            Koulu- ja päiväkotiyhteistyö, kirjastonkäytön opetus ja ryhmäkäynnit          



            Langaton verkko (Wi-Fi)          



            Tapahtuman järjestäminen kirjastossa          



            Varausten itsepalvelunouto | Näyttelyseinä          



            Ompeluhuone Solmu          



            Paja          



            Pelitila Messi          



            Pieni kokoustila Hytti          



            Salonki, monitoimitila          



            Suuri kokoustila Kajuutta          



            Tilojen varaaminen          



            Yhteisökeittiö Kapyysi | E-kirjasto (e-kirjat, äänikirjat, digilehdet)          



            Lehdet"
Valittukirjasto: Lumon kirjasto,84874,"Urpiaisentie 14, 01450 Vantaa",lumo.kirjasto@vantaa.fi,"Kokoustila          



            Lukusali          



            Näyttelytila          



            Paja          



            Pelihuone          



            Ryhmätyötila          



            Satuhuone          



            Vauvanhoitohuone          



            Äänieristetty tila | Avoinna lauantaisin          



            Celia-verkkoasiakkaaksi rekisteröityminen          



            Digituki          



            Itsepalvelulainaus- ja palautus          



            Kahvilat ja ravintolat          



            Kirjakierrätys          


                  Koirat sallittu              


            Kouluyhteistyö, kirjastonkäytön opetus ja kiertokäynnit          



            Langaton verkko (Wi-Fi)          



            Lukupiirit          



            Satutuokio          



            Ulkopelit          



            Varausten itsepalvelunouto | 3D-tulostin          



            Energiankulutusmittari          



            Kannettavat tietokoneet          



            Kopiokone          



            Kopiokoneet (mustavalko)          



            Mediatyöasema          



            Ompelukoneet          



            Pelikonsoli          



            Roskapihdit          



            Saumuri          



            Skanneri          



            Tietokoneet          



            Tulostimet (väri)          



            Tulostin (mustavalko) | E-kirjasto (e-kirjat, äänikirjat, digilehdet)          



            Lautapelit          



            Lehdet"
Valittukirjasto: Malmin kirjasto,84859,"Ala-Malmin tori 1, 00700 Helsinki",malmin_kirjasto@hel.fi,"Avoinna lauantaisin              


            Celia-verkkoasiakkaaksi rekisteröityminen          



            Digituki          



            E-opas          



            Enter ry:n opastukset          



            Itsepalvelutulostus          



            Kahvilat ja ravintolat          



            Kirjakierrätyspiste          


                  Koirat kielletty              


            Korttimaksumahdollisuus          



            Käteismaksumahdollisuus          



            Lajitelma ulkopelejä          



            Langaton verkko (Wi-Fi)          



            Valkokangas | E-kirjasto (e-kirjat, äänikirjat, digilehdet)          



            Ekohylly          



            Lautapelit          


                  Malmi-kokoelma              


            Sateenkaarihylly | 3D-tulostin          



            Dataprojektori          



            E-lehtitabletti          



            Hublet-asema (6 lainattavaa tablettia)          



            Kopiokoneet (väri)          



            Kosteusmittarit          


                  Kävelysauvat              


            Liukuri          



            Lyömäsoitinlaukku          



            Muistikortinlukija          



            Nokkakärryt          



            NYT-liikuntakortti          



            Pelikonsolit          



            Pulkka          



            Radonmittari          



            Skanneri          



            Sähkönkulutusmittarit          



            Tietokoneet          



            Vastamelukuulokkeet          



            Vesivaaka | Lukusali          



            Monitoimitila          



            Näyttelytilat          



            Työhuone"
Valittukirjasto: Malminkartanon kirjasto,84866,"Puustellintie 6, 00410 Helsinki",malminkartanon_kirjasto@hel.fi,"Avoinna lauantaisin          



            Celia-verkkoasiakkaaksi rekisteröityminen          



            Digituki          


                  Itsepalvelulainaus ja -palautus              

                  Itsepalvelutulostus              


            Kirjakierrätys          


                  Koirat sallittu              

                  Korttimaksumahdollisuus              

                  Kouluyhteistyö, kirjastonkäytön opetus ja kiertokäynnit              


            Langaton verkko (Wi-Fi)          



            Lukupiirit          



            Paristojen kierrätyspiste          



            Ulkopelit | E-kirjasto (e-kirjat, äänikirjat, digilehdet)          



            Ekohylly          


                  Lautapelit              


            Sateenkaarihylly | Energiankulutusmittari              


            Grilli          



            Kannettavat tietokoneet          



            Kopiokone (väri)          



            Kuulokkeet          


                  Kävelysauvat              


            Latauskaappi kännykälle          



            Levykeasemat          



            Liikuntavälineet          



            Mediatyöasema          



            Playstation 5          



            Rakenneilmaisin          



            Roskapihdit          



            Skanneri          



            Sähkönkulutusmittarit          



            Tietokoneet          



            Tulostin (väri)"
Valittukirjasto: Martinlaakson kirjasto,84876,"Laajaniityntie 3, 01620 Vantaa",martinlaakso.kirjasto@vantaa.fi,"Avoinna lauantaisin          



            Celia-verkkoasiakkaaksi rekisteröityminen          


                  Itsepalvelulainaus ja -palautus              


            Itsepalvelutulostus          



            Kirjakierrätys          



            Kirjapaketit perheille          


                  Koirat sallittu              


            Langaton verkko (Wi-Fi)          



            Lukupiiri          



            Ulkopelit          



            Varausten itsepalvelunouto | Digilehtien lukupiste          



            Energiankulutusmittari          



            Erilliset näppäimistöt          



            Kannettavat tietokoneet          



            Kopiokoneet          



            Latauslaitteet          



            Pelikonsolit          


                  Roskapihdit              


            Skannerit          



            Tulostimet | E-kirjasto (e-kirjat, äänikirjat, digilehdet)          



            Lehdet          



            Sateenkaarihylly | Työhuone"
Valittukirjasto: Maunulan kirjasto,84857,"Metsäpurontie 4, 00630 Helsinki",maunulan_kirjasto@hel.fi,"Digilehtien lukupiste          



            Kannettavat tietokoneet          



            Kopiokone          



            Kävelysauvat          



            Liikuntavälineet          



            Monitoimilaite (kopiointi, skannaus, tulostus)          



            Roskapihdit          



            Skanneri          



            Sydäniskuri          



            Tablettitietokoneet          



            Tietokoneet          



            Ukulele | E-kirjasto (e-kirjat, äänikirjat, digilehdet)          



            Ekohylly          



            Lautapelit          



            Lehdet          



            Sateenkaarihylly | Avoinna lauantaisin              


            Celia-verkkoasiakkaaksi rekisteröityminen          



            Digituki          



            Itsepalvelutulostus          



            Kahvilat          



            Kaukopalvelu          



            Kirjakierrätys          


                  Koirat sallittu              


            Korttimaksumahdollisuus          



            Langaton verkko (Wi-Fi)          



            Lukupiirit          



            Päiväkoti- ja kouluyhteistyö, kirjastonkäytön opastus          



            Ulkopelit | Bänditila          



            Kokoustila Betoni          



            Kokoustila Sini          



            Ryhmätila Akvaario"
Valittukirjasto: Kirjastoauto Espoo,84791,"Kulttuuriaukio 2, 02100 Espoo",kirjastoautot@espoo.fi,"Elämysauto Välkky tapahtumissa          



            Koulu- ja päiväkotiyhteistyö, kirjastonkäytön opetus ja ryhmäkäynnit | E-kirjasto (e-kirjat, äänikirjat, digilehdet)"
Valittukirjasto: Kirjastoauto Helsinki,84884,"Rautatieläisenkatu 8, 00520 Helsinki",kirjastoautot@hel.fi,"E-kirjasto (e-kirjat, äänikirjat, digilehdet)"
Valittukirjasto: Kirjastoauto Vantaa,84926,"Lummetie 4, 01300 Vantaa",auto.kirjasto@vantaa.fi,"Kaukopalvelu          



            Kirjapaketit perheille          


                  Koirat sallittu              


            Koulujen ja päiväkotien aineistopaketit ja ekaluokkalaisvierailut          



            Ulkopelit | Energiankulutusmittari              

                  Lainausautomaatti              

                  Roskapihdit | E-kirjasto (e-kirjat, äänikirjat, digilehdet)          



            Lautapelit          


                  Lehdet"
Valittukirjasto: Mosaiikin kirjasto,86659,"Vantaankoskentie 69, 01700 Vantaa",mosaiikki.kirjasto@vantaa.fi,"Avoinna lauantaisin          



            Celia-verkkoasiakkaaksi rekisteröityminen          



            Erityispalvelut          



            Kaukopalvelu          



            Kirjakierrätys          



            Koirat sallittu          



            Langaton verkko (Wi-Fi)          



            Lukupiirit          



            Pöytäpaikka | 3D-tulostimet          



            Digilehtien lukupisteet          



            Erilliset näppäimistöt          



            Filmiskannerit          



            Kannettavat tietokoneet          



            Lainausautomaatit          



            Mediatyöasema          



            Monitoimilaite          



            Ompelukoneet          



            Palautushyllyt          



            Saumurit (2 kpl)          



            Teollisuusompelukone          



            Varaushyllyt          



            Vyyhdinpuut ja kerijälaite | E-kirjasto (e-kirjat, äänikirjat, digilehdet)          



            Lautapelit          



            Lehdet          



            Sateenkaarihylly | Digikoppi          



            Näyttelytila          



            Perhetila          



            Puhelinkoppi          



            Ryhmätila          



            Työskentelytila          



            Varattavien tilojen käyttösäännöt"
Valittukirjasto: Monikielinen kirjasto,84923,"Kellosilta 9, 00520 Helsinki",monikielinen.kirjasto@hel.fi,"E-kirjasto (e-kirjat, äänikirjat, digilehdet)          



            Monikielisen kirjaston palvelut          



            PressReader-lehtipalvelu | Kaukopalvelu"
Valittukirjasto: Munkkiniemen kirjasto,84867,"Riihitie 22, 00330 Helsinki",munkkiniemen_kirjasto@hel.fi,"Digilehtien lukupiste          



            Kirkasvalolamput          



            Kopiokone (väri)          



            Kuulokkeet          



            Lainaus- ja palautusautomaatit          



            Paperisilppuri          



            Poranteräsarja          



            Poravasara          



            Roskapihdit          



            Senioriliikuntareppu          



            Skanneri          



            Tietokoneet          



            Tulostin (väri) | Aalto-kokoelma          



            E-kirjasto (e-kirjat, äänikirjat, digilehdet)          



            Ekohylly          



            Lautapelit          



            Lehdet          



            Sateenkaarihylly | Avoinna lauantaisin          



            Celia-verkkoasiakkaaksi rekisteröityminen          



            Digituki          



            Enter ry:n opastukset          



            Itsepalvelutulostus          



            Kahviautomaatti          



            Koirat sallittu          



            Korttimaksumahdollisuus          



            Koulu- tai päiväkotiyhteistyö          



            Langaton verkko (Wi-Fi)          



            Lukukoira          



            Lukupiirit          



            Näyttelyvitriini          



            Palautusluukku          



            Paristojen kierrätyspiste          



            PuMu:n kausikortit          



            Satutunnit          



            ToPo:n kausikortit          



            Ulkopelejä"
Valittukirjasto: Myllypuron kirjasto,84883,"Kiviparintie 2, 00920 Helsinki",myllypuron_kirjasto@hel.fi,"Avoinna lauantaisin          


                  Celia-verkkoasiakkaaksi rekisteröityminen              


            Digiopastus ajanvarauksella          



            Itsepalvelutulostus          



            Koirat sallittu          



            Korttimaksumahdollisuus          



            Langaton verkko (Wi-Fi)          



            Lukukoirat          



            Omatoimiaika          



            Omatoimikirjasto          



            Varausten itsepalvelunouto | Aktiivikortti          



            Digitaalipiano          



            E-lehtien lukulaitteet          



            Kannettavat tietokoneet          



            Kopiokone (väri)          



            Kuulokkeet          



            Kännykän laturi          



            Lainausautomaatti          



            Palautusautomaatti          



            Roskapihdit          



            Sateenvarjo          



            Senioriliikuntareppu          



            Skannerit          



            Tietokoneet          



            Tulostin (väri) | Asiakaskeittiö          



            Kokoustila          



            Minitila          



            Musiikkihuone          



            Näyttelytila          



            Vaunuparkki          



            Vauvanhoitohuone | E-kirjasto (e-kirjat, äänikirjat, digilehdet)          



            Lehdet"
Valittukirjasto: Myllypuron palvelukeskuskirjasto,84755,"Myllymatkantie 4, 00920 Helsinki",itakeskuksen_kirjasto@hel.fi,"E-kirjasto (e-kirjat, äänikirjat, digilehdet)"
Valittukirjasto: Myyrmäen kirjasto,84920,"Paalutori 3, 01600 Vantaa",myyrmaki.kirjasto@vantaa.fi,"Lukusali | Digilehtien lukupiste          



            Energiankulutusmittari          



            Kannettavat tietokoneet          



            Kopiokoneet (väri)          



            Lainausautomaatti          



            Palautusautomaatti          



            Pelikonsolit          



            Roskapihdit          



            Skannerit          



            Tablettitietokoneet          



            Tietokoneet | Avoinna lauantaisin          



            Avoinna sunnuntaisin          



            Celia-verkkoasiakkaaksi rekisteröityminen          



            Digituki          



            Enter ry:n opastukset          



            Itsepalvelutulostus          



            Kirjapaketit perheille          



            Koirat kielletty          



            Langaton verkko (Wi-Fi)          



            Lukukoira          



            Varausten itsepalvelunouto | E-kirjasto (e-kirjat, äänikirjat, digilehdet)          



            Lautapelit"
Valittukirjasto: Nöykkiön kirjasto,84915,"Oxfotintie 4, 02330 Espoo",kirjasto.noykkio@espoo.fi,"Kopiokone (väri)          


                  Paperisilppuri              


            Pelikonsolit          


                  Roskapihdit              


            Skanneri          



            Tietokoneet          



            Tulostin (väri) | Avoinna lauantaisin          



            Avoinna sunnuntaisin          



            Celia-verkkoasiakkaaksi rekisteröityminen          



            Digituki          



            Itsepalvelutulostus          



            Kaukopalvelu          



            Kirjakierrätyspiste          



            Koirat sallittu          



            Korttimaksumahdollisuus          



            Koulu- ja päiväkotiyhteistyö, kirjastonkäytön opetus ja ryhmäkäynnit          



            Langaton verkko (Wi-Fi)          



            Omatoimikirjasto          



            Palautusluukku | E-kirjasto (e-kirjat, äänikirjat, digilehdet)          


                  Lautapelit              


            Lehdet | Monitoimitila          



            Pelihuone"
Valittukirjasto: Otaniemen kirjasto,86654,"Tietotie 6, 02150 Espoo",kirjasto.otaniemi@espoo.fi,"Avoinna lauantaisin          



            Avoinna sunnuntaisin          



            Celia-verkkoasiakkaaksi rekisteröityminen          



            Digituki          



            Kaukopalvelu          



            Kirjakierrätyspiste          



            Koirat sallittu          



            Korttimaksumahdollisuus          



            Koulu- ja päiväkotiyhteistyö, kirjastonkäytön opetus ja ryhmäkäynnit          



            Langaton verkko          



            Omatoimikirjasto | Kopiokoneet (väri)          



            Skannerit          



            Tietokoneet          



            Tulostimet (väri) | Lukusalit          



            Neuvotteluhuone Karhunpesä | E-kirjasto (e-kirjat, äänikirjat, digilehdet)"
Valittukirjasto: Oulunkylän kirjasto,84862,"Kylänvanhimmantie 27, 00640 Helsinki",oulunkylan_kirjasto@hel.fi,"Avoinna lauantaisin              


            Celia-verkkoasiakkaaksi rekisteröityminen          



            Digituki          



            Enter ry:n opastukset          



            Itsepalvelutulostus          



            Kirjakierrätyspiste          


                  Koirat sallittu              


            Korttimaksumahdollisuus          



            Langaton verkko (Wi-Fi)          



            Ulkopelit          



            Valkokangas | 3D-tulostimet          



            Dataprojektori          



            Digilehtien lukupiste          



            Digitaalipiano          



            Infrapunalämpömittari          



            Kannettavat tietokoneet          



            Kopiokone (väri)          



            Kosteusmittari          



            Laminointilaite          



            Liikuntavälineet          



            Lämpöilmaisin          



            Nokkakärryt          



            Pelikonsoli          



            Radonmittari          



            Rakenneilmaisin          



            Rytmisoitinpussi          



            Skanneri          



            Tablettitietokoneet          



            Tietokoneet          



            Ukulele          



            Vinyylileikkuri ja lämpöprässi | E-kirjasto (e-kirjat, äänikirjat, digilehdet)          



            Ekohylly          



            Lautapelit          



            Sateenkaarihylly | Kokoustila          



            Näyttelytila"
Valittukirjasto: Pähkinärinteen kirjasto,84877,"Mantelikuja 4, 01710 Vantaa",pahkinarinne.kirjasto@vantaa.fi,"Celia-verkkoasiakkaaksi rekisteröityminen          


                  Itsepalvelulainaus ja -palautus              


            Kirjapaketit perheille          


                  Koirat sallittu              


            Langaton verkko (Wi-Fi)          



            Omatoimikirjasto          


                  Varausten itsepalvelunouto | E-kirjasto (e-kirjat, äänikirjat, digilehdet)          



            Lehdet          



            Sateenkaarihylly"
Valittukirjasto: Paloheinän kirjasto,84852,"Paloheinäntie 22, 00670 Helsinki",paloheinan_kirjasto@hel.fi,"E-kirjasto (e-kirjat, äänikirjat, digilehdet)          



            Ekohylly          



            Lasten- ja perhelautapelit          



            Lehdet          



            Sateenkaarihylly | Kannettavat tietokoneet          



            Kopiokone          



            Monitoimilaite (tulostus, kopiointi, skannaus)          



            Muistikortinlukija          



            Skanneri          


                  Sydäniskuri              


            Tietokoneet | Avoinna lauantaisin          



            Celia-verkkoasiakkaaksi rekisteröityminen          



            Digituki          



            Itsepalvelutulostus          


                  Kahviautomaatti              


            Kaukopalvelu          


                  Koirat kielletty              

                  Lainaus- ja palautusautomaatit              


            Langaton verkko (Wi-Fi)          



            Lukupiiri          



            Omatoimikirjasto          



            Päiväkoti- ja kouluyhteistyö, kirjastonkäytön opastus | Hiljainen työskentelytila              


            Monitoimitila Sysi          



            Näyttelytila          



            Ryhmätyötila Valkea"
Valittukirjasto: Pasilan kirjasto,84924,"Kellosilta 9, 00520 Helsinki",tietopalvelu.pasila@hel.fi,"3D-tulostin          



            Desibelimittarit          



            Digitaalipiano          



            Digitointiasema          



            DVD-asema          



            E-lehtien lukupiste          



            Energiankulutusmittari          



            Erilliset näppäimistöt          



            Kopiokone (väri)          


                  Lainausautomaatti              


            Laminointilaite          



            Latauslaitteet          



            Lämpöprässi          



            Mikrofilmiskanneri          



            Mikrokortin/filmin lukulaitteet (skannaus ja tulostus)          



            Muistikortinlukija          



            Ompelukone          


                  Palautusautomaatti              


            Radonmittarit          


                  Rollaattori              

                  Roskapihdit              


            Rytmikassi          



            Saumuri          



            Skanneri          



            Suurkuvatulostin          


                  Sydäniskuri              

                  Tietokoneet              


            Tulostin (väri)          



            Ukulele          



            Vinyylileikkuri | Auditorio          



            Kokoushuone Oppisoppi          


                  Lehtilukusalit              


            Lukusali          



            Musiikkistudio          



            Näyttelytila          



            Ryhmätyötila 1          



            Ryhmätyötila 2 | E-kirjasto (e-kirjat, äänikirjat, digilehdet)          



            Helmet-kirjavarasto          



            Helsinki-kokoelma          



            Lautapelit          



            Sateenkaarihylly | Avoinna lauantaisin              


            Celia-verkkoasiakkaaksi rekisteröityminen          



            Digituki          



            Erityispalvelut          



            Itsepalvelutulostus          


                  Kierrätyspiste paristoille              


            Kirjakierrätys          



            Koirat kielletty          



            Korttimaksumahdollisuus          



            Kouluyhteistyö, kirjastonkäytön opetus ja kiertokäynnit          


                  Käteismaksumahdollisuus              


            Lainaus-ja palautusautomaatit          



            Langaton verkko (Wi-Fi)          



            Musiikin kuuntelu          



            Satutunnit          



            Äänitysstudio ja digitointi"
Valittukirjasto: Pikku Huopalahden lastenkirjasto,84855,"Tilkankatu 19, 00300 Helsinki",pikkuhuopalahden_kirjasto@hel.fi,"E-kirjasto (e-kirjat, äänikirjat, digilehdet) | Korttimaksumahdollisuus          



            Langaton verkko (Wi-Fi)"
Valittukirjasto: Pitäjänmäen kirjasto,84865,"Jousipolku 1, 00370 Helsinki",pitajanmaen_kirjasto@hel.fi,"Dataprojektori          


                  Energiankulutusmittari              

                  Kopiokone (väri)              


            Laminointilaite          



            Ompelukone          



            Skanneri          



            Tietokoneet          


                  Tulostin (väri) | Avoinna lauantaisin              


            Digituki          



            Enter ry:n opastukset          


                  Itsepalvelulainaus ja -palautus              

                  Itsepalvelutulostus              

                  Kahviautomaatti              

                  Koirat sallittu              

                  Korttimaksumahdollisuus              

                  Kouluyhteistyö, kirjastonkäytön opetus ja kiertokäynnit              


            Langaton verkko (Wi-Fi)          



            Valkokangas | E-kirjasto (e-kirjat, äänikirjat, digilehdet)          


                  Lautapelit              


            Sateenkaarihylly | Monitoimitila          



            Näyttelytila          



            Ryhmätyötila"
Valittukirjasto: Pohjois-Haagan kirjasto,84879,"Kaupintie 4, 00440 Helsinki",pohjois-haagan_kirjasto@hel.fi,"E-kirjasto (e-kirjat, äänikirjat, digilehdet)          



            Ekohylly          


                  Kotiseutukokoelma              

                  Lautapelit              

                  Lehdet              

                  Pelit              


            Sateenkaarihylly | E-lehtien lukulaitteet          


                  Eläinten kuljetusboksi              


            Erilliset näppäimistöt          


                  Grilli              

                  Iskuporakone              


            Kirkasvalolamppu          



            Kopiokone          



            Kuntoiluvälineet          



            Kuulokkeet          


                  Kävelysauvat              


            Liikuntavälineet          


                  Lumikengät              


            Muistikortinlukijat          


                  Nokkakärryt              

                  Paperisilppuri              

                  Roskapihdit              


            Skanneri          


                  Sähkönkulutusmittarit              

                  Tietokoneet              


            Tikkaat          



            Tulostimet (väri) | Avoinna lauantaisin          


                  Digituki              


            Enter ry:n opastukset          


                  Itsepalvelulainaus ja -palautus              

                  Kahviautomaatti              


            Kaukopalvelu          



            Kierrätyspiste tavaroille          



            Kirjakierrätyspiste          


                  Koirat sallittu              

                  Korttimaksumahdollisuus              

                  Käteismaksumahdollisuus              


            Langaton verkko (Wi-Fi)          


                  Lukupiirit              

                  Palapelien vaihtopiste              

                  Paristojen kierrätyspiste              

                  Satutunnit              

                  Tietotekniikkaopastus              

                  Ulkopelit              

                  Varausten itsepalvelunouto | Näyttelyvitriini"
Valittukirjasto: Pointin kirjasto,84882,"Hagelstamintie 1, 01520 Vantaa",point.kirjasto@vantaa.fi,"E-kirjasto (e-kirjat, äänikirjat, digilehdet)          



            Lehdet | Celia-verkkoasiakkaaksi rekisteröityminen          


                  Itsepalvelulainaus ja -palautus              


            Itsepalvelutulostus          



            Keittiöpiste ja kahviautomaatti          



            Kirjakierrätys          



            Kirjapaketit perheille          


                  Koirat sallittu              


            Langaton verkko Vantaa Avoin          



            Omatoimikirjasto          



            Varausten itsepalvelunouto | Energiankulutusmittari          



            Kopiokone          



            Roskapihdit          



            Temppukassi          



            Tietokoneet          



            Tulostin | Näyttelytila          



            Työhuone"
Valittukirjasto: Psykiatriakeskuksen potilaskirjasto,84762,"Välskärinkatu 12, 00250 Helsinki",psykiatriakeskuksen.potilaskirjasto@hel.fi,"Tietokoneet | E-kirjasto (e-kirjat, äänikirjat, digilehdet)"
Valittukirjasto: Puistolan kirjasto,84853,"Nurkkatie 2, 00760 Helsinki",puistolan_kirjasto@hel.fi,"E-kirjasto (e-kirjat, äänikirjat, digilehdet)          



            Ekohylly          



            Lautapelit          



            Sateenkaarihylly | Digilehtien lukupiste          



            Energiankulutusmittari          



            Kopiokone (väri)          



            Kuntoiluvälineet          



            Pintalämpömittarit          



            Radonmittarit          



            Skanneri          



            Tietokoneet          



            Tulostin (väri) | Avoinna lauantaisin          



            Celia-verkkoasiakkaaksi rekisteröityminen          



            Digituki          



            Enter ry:n opastukset          



            Kirjakierrätyspiste          



            Koirat sallittu          



            Korttimaksumahdollisuus          



            Langaton verkko (Wi-Fi)          



            Lukupiirit          



            Palautusluukku | Näyttelytila"
Valittukirjasto: Pukinmäen kirjasto,84858,"Kenttäkuja 12, 00720 Helsinki",pukinmaen_kirjasto@hel.fi,"E-kirjasto (e-kirjat, äänikirjat, digilehdet)          


                  Lautapelejä              


            Sateenkaarihylly | Kopiokone (väri)          



            Kuntoiluvälineet          



            Muistikortinlukija          



            Skanneri          


                  Sähkönkulutusmittarit              


            Tietokoneet          



            Tulostin (väri) | Avoinna lauantaisin paitsi kesäaikaan.              

                  Digituki              


            Kirjakierrätyspiste          


                  Koirat sallittu              


            Langaton verkko (Wi-Fi)          



            Palautusluukku | Näyttelytila"
Valittukirjasto: Riistavuoren palvelukeskuskirjasto,84763,"Isonnevantie 28, 00320 Helsinki",liisa.varri@hel.fi,"E-kirjasto (e-kirjat, äänikirjat, digilehdet)"
Valittukirjasto: Rikhardinkadun kirjasto,84912,"Rikhardinkatu 3, 00130 Helsinki",rikhardinkadun_kirjasto@hel.fi,"Asiakirjojen hävittäminen          



            Digilehtien lukupiste          



            Digitaalipiano          



            Erilliset näppäimistöt          



            Kopiokone          



            Lainaus- ja palautusautomaatit          



            Latauslaitteet          



            Roskapihdit          



            Skanneri          



            Tablettitietokoneet          



            Tietokoneet | Kokoustila Ture          



            Kokoustila Tyko          



            Lehtilukusali          



            Lukusali          



            Näyttelytila Galleria Arthur          



            Näyttelytila Galleria Rikhard          



            Näyttelytila Hyllygalleria Hyvinpieni          



            Näyttelytila Käytävägalleria          



            Rikun Kesäpiha          



            Ryhmätila Aurora          



            Satuhuone | E-kirjasto (e-kirjat, äänikirjat, digilehdet)          



            Kotiseutukokoelma          



            Lautapelit          



            Sateenkaarihylly          



            Taidekerros          



            Taidelehtikokoelma          



            Taiteilijakirjakokoelma | Avoinna lauantaisin              

                  Avoinna sunnuntaisin              


            Celia-verkkoasiakkaaksi rekisteröityminen          



            Digituki          



            E-opas          



            Enter ry:n opastukset          



            Itsepalvelutulostus          



            Kirjakierrätys          


                  Koirat sallittu              


            Langaton verkko (Wi-Fi)          



            Taidelainaus"
Valittukirjasto: Roihuvuoren kirjasto,84868,"Roihuvuorentie 2, 00820 Helsinki",roihuvuoren_kirjasto@hel.fi,"Energiankulutusmittari          



            Kannettavat tietokoneet          



            Kopiokone          



            Liikuntavälineet          



            Pelikonsolit          



            Poravasara Makita HR2630TJ          


                  Roskapihdit              


            Taustamelua vähentävät kuulokkeet          



            Tietokoneet | Avoinna lauantaisin          



            Celia-verkkoasiakkaaksi rekisteröityminen          



            Digituki          



            Itsepalvelutulostus          



            Kausikortit Roihuttarien otteluihin          



            Kirjakierrätyspiste          



            Koirat sallittu          



            Korttimaksumahdollisuus          



            Langaton verkko (Wi-Fi)          



            Palautusluukku | E-kirjasto (e-kirjat, äänikirjat, digilehdet)          



            Ekohylly          



            Lautapelit          



            Sateenkaarihylly"
Valittukirjasto: Roihuvuoren palvelukeskuskirjasto,84767,"Punahilkantie 16, 00820 Helsinki",itakeskuksen_kirjasto@hel.fi,"E-kirjasto (e-kirjat, äänikirjat, digilehdet)"
Valittukirjasto: Venäjänkielinen kirjasto,86000,"Leppävaarankatu 9, 02600 Espoo",N/A,N/A
Valittukirjasto: Sakarinmäen lastenkirjasto,84856,"Knutersintie 924, 00890 Helsinki",sakarinmaen_lastenkirjasto@hel.fi,"E-kirjasto (e-kirjat, äänikirjat, digilehdet) | Itsepalvelulainaus ja -palautus              

                  Kouluyhteistyö, kirjastonkäytön opetus ja kiertokäynnit"
Valittukirjasto: Saunalahden kirjasto,84917,"Brinkinmäentie 1, 02330 Espoo",kirjasto.saunalahti@espoo.fi,"Avoinna lauantaisin          



            Avoinna sunnuntaisin          



            Digituki          



            Kaukopalvelu          



            Kirjakierrätys          



            Koirat sallittu          



            Korttimaksumahdollisuus          



            Koulu- ja päiväkotiyhteistyö, kirjastonkäytön opetus ja ryhmäkäynnit          



            Langaton verkko          



            Omatoimikirjasto          



            Varausten itsepalvelunouto | E-kirjasto (e-kirjat, äänikirjat, digilehdet)          



            Lautapelit          



            Lehdet | Kopiokoneet (väri)          



            Lainaus- ja palautusautomaatit          



            Skannerit          



            Tietokoneet          



            Tulostimet (väri)"
Valittukirjasto: Sellon kirjasto,84925,"Leppävaarankatu 9, 02600 Espoo",sellonkirjasto@espoo.fi,"3D-tulostin          



            Digitaalipiano          



            Flyygeli          



            Kopiokoneet (väri)          



            Lainattavat esineet          



            Lainattavat tietokoneet          



            Lainaus- ja palautusautomaatit          



            Laseretäisyysmittari          



            Liikuntavälineet          



            Mediatyöasema          



            Ompelukoneet          



            Pelikonsolit          



            Skanneri          



            Soittimet          



            Sähkönkulutusmittarit          



            Tuhottavien paperien säiliö          



            Tulostimet (väri)          



            Työkalut          



            Ukulele          



            Verenpainemittari          



            Vinyylileikkuri | Avoinna lauantaisin              

                  Avoinna sunnuntaisin              


            Biljardi          



            Celia-verkkoasiakkaaksi rekisteröityminen          



            Digituki          



            Elokuvaesitykset          



            Enter ry:n opastukset          



            Espoon kaupungin asiointipiste          



            Itsepalvelutulostus          



            Kahvilat          



            Kaukopalvelu          



            Kirjakierrätyspiste          



            Koirat sallittu          



            Korttimaksumahdollisuus          



            Koulu- ja päiväkotiyhteistyö, kirjastonkäytön opetus ja ryhmäkäynnit          



            Langaton verkko (Wi-Fi)          



            Lasten palvelut          



            Palapelien vaihtohylly          



            Palautusluukku          



            Tapahtuman järjestäminen kirjastossa          



            Varausten itsepalvelunouto | E-kirjasto (e-kirjat, äänikirjat, digilehdet)          


                  ePress-lehtipalvelu              


            Lautapelit          



            Lehdet          


                  PressReader-lehtipalvelu              

                  Promentor-kielikurssit              


            Rockway-musiikkikurssit | Akseli-sali          



            Galleria Anna ja näyttelyvitriini          



            Jaminurkka          



            Kokoushuone Mauri          



            Kokoustila Elina          



            Kulttuuritila          



            Lava ja aula          



            Lukutilat          



            Musiikkistudio          



            Paja          



            Soittohuoneet          



            Tilojen varaaminen"
Valittukirjasto: Suomenlinnan kirjasto,84871,"Suomenlinna C 31, 00190 Helsinki",suomenlinnan_kirjasto@hel.fi,"E-kirjasto (e-kirjat, äänikirjat, digilehdet)          



            Suomenlinna-kokoelma | Kopiokone (väri)          



            Nokkakärryt          



            Skanneri          



            Tietokoneet          



            Tulostin (väri) | Digituki          



            Koirat sallittu          



            Langaton verkko (Wi-Fi)          



            Omatoimikirjasto | Näyttelytila"
Valittukirjasto: Suurpellon kirjasto,86407,"Lillhemtintie 1 (Opinmäki, B-noppa), 02250 Espoo",kirjasto.suurpelto@espoo.fi,"Kopiokone          



            Skannerit          



            Tietokoneet          



            Tulostimet (väri) | Avoinna lauantaisin          



            Avoinna sunnuntaisin          



            Kaukopalvelu          



            Kirjakierrätys          



            Koirat sallittu          



            Korttimaksumahdollisuus          



            Koulu- ja päiväkotiyhteistyö, kirjastonkäytön opetus ja ryhmäkäynnit          



            Langaton verkko          



            Lasten palvelut          



            Omatoimikirjasto          



            Varausten itsepalvelunouto | E-kirjasto (e-kirjat, äänikirjat, digilehdet)          



            Lehdet"
Valittukirjasto: Suutarilan kirjasto,84881,"Seulastentie 11, 00740 Helsinki",suutarilan_kirjasto@hel.fi,"Celia-verkkoasiakkaaksi rekisteröityminen          



            Digituki          



            Enter ry:n opastukset          



            Itsepalvelutulostus          



            Kirjakierrätyspiste          


                  Koirat sallittu              


            Korttimaksumahdollisuus          



            Langaton verkko          



            Palautusluukku          



            Varausten itsepalvelunouto | E-kirjasto (e-kirjat, äänikirjat, digilehdet)          



            Sateenkaarihylly | Kopiokoneet (väri)          



            Lehdenlukutabletit          



            Skannerit          


                  Sähkönkulutusmittarit              


            Tietokoneet          



            Tulostimet (väri)"
Valittukirjasto: Tapanilan kirjasto,84776,"Hiidenkiventie 21, 00730 Helsinki",tapanilan_kirjasto@hel.fi,"E-kirjasto (e-kirjat, äänikirjat, digilehdet)          



            Lautapelit          



            Sateenkaarihylly | 3D-tulostimet          


                  E-lehtien lukulaitteet              


            Kopiokone (väri)          



            Roskapihdit          



            Skanneri          



            Tietokoneet          



            Tulostin (väri) | Digituki              


            Kirjakierrätyspiste          


                  Koirat sallittu              

                  Korttimaksumahdollisuus              


            Langaton verkko (Wi-Fi)          



            Palautusluukku"
Valittukirjasto: Tapiolan kirjasto,84850,"Espoon kulttuurikeskus, Kulttuuriaukio 2, 02100 Espoo",kirjasto.tapiola@espoo.fi,"Avoinna lauantaisin              


            Celia-verkkoasiakkaaksi rekisteröityminen          



            Digituki          



            Enter ry:n opastukset          



            Itsepalvelutulostus          



            Kahvila          



            Kaukopalvelu          



            Kirjakierrätyspiste          



            Koirat sallittu          



            Korttimaksumahdollisuus          



            Koulu- ja päiväkotiyhteistyö, kirjastonkäytön opetus ja ryhmäkäynnit          



            Langaton verkko (Wi-Fi)          



            Lasten palvelut          



            Musiikinkuuntelupiste          



            Tapahtuman järjestäminen kirjastossa          



            Varausten itsepalvelunouto | 3D-tulostin          



            Digitaalipiano          



            Henkilökortinlukija          



            Kopiokone (väri)          



            Lainattavat työkalut          



            Lainaus- ja palautusautomaatit          



            Mediatyöasema          



            Ompelukone          



            Saumurit          



            Skanneri          



            Soittimet          



            Tietokoneet          



            Tuhottavien paperien säiliö          



            Tulostin (väri)          



            Vinyylileikkuri | Lehtilukusali              


            Musiikkistudio          



            Näyttelytilat          



            Paja          



            Ryhmätila Honka          



            Tapahtumatila Kaija | E-kirjasto (e-kirjat, äänikirjat, digilehdet)          



            Lautapelit"
Valittukirjasto: Tapulikaupungin kirjasto,84845,"Ajurinaukio 5, 00750 Helsinki",tapulikaupungin_kirjasto@hel.fi,"E-kirjasto (e-kirjat, äänikirjat, digilehdet)          



            Ekohylly          



            Lautapelejä          



            Sateenkaarihylly | Avoinna lauantaisin          



            Celia-verkkoasiakkaaksi rekisteröityminen          



            Digituki          



            Enter ry:n opastukset          



            Kirjakierrätys          



            Koirat sallittu          



            Korttimaksumahdollisuus          



            Langaton verkko (Wi-Fi)          



            Lukupiirit          



            Ulkopelit | 3D-tulostimet          



            Digilehtien lukupiste          



            Kannettavat tietokoneet          



            Kopiokone (väri)          



            Kuntoiluvälineet          



            Muistikortinlukija          



            Ompelukoneet          



            Radonmittari          



            Skanneri          



            Tietokoneet          



            Tulostin (väri) | Monitoimihuone Tapuli          



            Näyttelytila"
Valittukirjasto: Tikkurilan kirjasto,84922,"Lummetie 4, 01300 Vantaa",tikkurila.kirjasto@vantaa.fi,"Avoinna lauantaisin          



            Avoinna sunnuntaisin          



            Celia-verkkoasiakkaaksi rekisteröityminen          



            Digituki          



            Enter ry:n opastukset          



            Itsepalvelulainaus- ja palautus          



            Itsepalvelutulostus          



            Kaukopalvelu          



            Kirjakierrätyspiste          



            Koirat kielletty          



            Kotipalvelu          



            Langaton verkko (Wi-Fi)          



            Lukupiiri          



            Palautusluukku          



            Satutunnit          



            Tutustumis- ja ryhmäkäynnit ja kirjastonkäytön opetus          



            Ulkopelit          



            Varausten itsepalvelunouto          



            Äänitallenteiden digitointilaite | Hiljainen työskentelytila          



            Karaoke-tila          



            Kokoustilat          



            Lukusali          



            Näyttelytila          



            Pieni soittohuone          



            Ryhmätyötila          



            Salit          



            Soittohuone          



            Studio          



            Työtilat          



            Videoneuvottelutila | Digitaalipiano              


            Erilliset näppäimistöt          



            Grafiikkatyöpiste          



            Kannettavat tietokoneet          



            Kopiokoneet (väri)          



            Liikuntavälineet          



            Mediatyöasema          



            Palautusautomaatti          



            Paperisilppuri          



            Pelikonsoli          



            Piano          



            Roskapihdit          



            Skannerit          



            Soittimet          



            Sähkönkulutusmittarit          



            Tablettitietokoneet          



            Tietokoneet          



            Tulostimet (väri) | E-kirjasto (e-kirjat, äänikirjat, digilehdet)          



            Lautapelit          



            Lehdet          



            Musiikkivarasto          



            Sateenkaarihylly"
Valittukirjasto: Töölön kirjasto,84851,"Topeliuksenkatu 6, 00250 Helsinki",toolon_kirjasto@hel.fi,"E-kirjasto (e-kirjat, äänikirjat, digilehdet)          



            Ekohylly          



            Lautapelit          



            Lehdet          



            Sateenkaarihylly | Asianajajapäivystys          



            Avoinna lauantaisin          



            Avoinna sunnuntaisin          



            Celia-verkkoasiakkaaksi rekisteröityminen          



            Digituki          



            E-opas          



            Enter ry:n opastukset          



            Itsepalvelutulostus          



            Kaukopalvelu          



            Koirat sallittu          



            Korttimaksumahdollisuus          



            Kouluyhteistyö, kirjastonkäytön opetus ja kiertokäynnit          



            Käteismaksumahdollisuus          



            Langaton verkko (Wi-Fi)          



            Palautusluukku          



            Ulkopelit | Digilehtien lukupiste          



            Energiankulutusmittari          



            Kannettava tietokone          



            Kopiokone (väri)          



            Kuntoiluvälineet          



            Kuulokkeet          



            Lainaus- ja palautusautomaatit          



            Latauskaappi          



            Nahan reikäpihdit          



            Nokkakärryt          



            Ompelukone          



            Paperisilppuri          



            Roskapihdit          



            Saumuri          



            Skanneri          



            Soittimet          



            Tablettitietokoneet          



            Tietokoneet          



            Tulostimet (väri)          



            Ukulele | Esiintymislava          



            Kokoustilat          



            Lukusali          



            Näyttelytila          



            Rumpu- ja pianohuone          



            Ryhmätila"
Valittukirjasto: Vallilan kirjasto,84870,"Päijänteentie 5, 00550 Helsinki",vallilan_kirjasto@hel.fi,"Avoinna lauantaisin              


            Celia-verkkoasiakkaaksi rekisteröityminen          



            Itsepalvelulainaus ja -palautus          



            Itsepalvelutulostus          



            Kirjankierrätyskärry          



            Koirat sallittu          



            Koulu- tai päiväkotivierailu Vallilan kirjastossa          



            Langaton verkko (Wi-Fi)          



            Näyttelyvitriini | Energiankulutusmittari          



            Kopiokone          



            Kuormapyörät          



            Lainattava tietokone          



            Latauskaappi kännyköille          



            Monitoimilaite          



            Nokkakärryt          



            Talviliikuntavälineet          



            Tietokoneet          



            Tulostin (väri) | Monitoimitila          



            Näyttelytila Galleria Kajava          



            Työhuone          



            Työpiste | E-kirjasto (e-kirjat, äänikirjat, digilehdet)          



            Sateenkaarihylly"
Valittukirjasto: Viherlaakson kirjasto,84795,"Kavallinmäki 15, 02710 Espoo",kirjasto.viherlaakso@espoo.fi,"Avoinna lauantaisin          



            Avoinna sunnuntaisin          



            Digituki          



            Itsepalvelutulostus          



            Kahviautomaatti          



            Kaukopalvelu          



            Kirjakierrätyspiste          



            Koirat sallittu          



            Korttimaksumahdollisuus          



            Koulu- ja päiväkotiyhteistyö, kirjastonkäytön opetus ja ryhmäkäynnit          



            Langaton verkko (Wi-Fi)          



            Omatoimikirjasto | E-kirjasto (e-kirjat, äänikirjat, digilehdet)          



            Lautapelit          



            Lehdet | Kopiokone (väri)          



            Paperisilppuri          



            Pelikonsolit          



            Skannerit          



            Tietokoneet          



            Tulostimet (väri) | Luku- ja opiskelutila"
Valittukirjasto: Viikin kirjasto,84919,"Viikinkaari 11, 00790 Helsinki",viikin_kirjasto@hel.fi,"E-kirjasto (e-kirjat, äänikirjat, digilehdet)          



            Ekohylly          



            Lautapelit          



            Sateenkaarihylly | 3D tulostin          



            Energiankulutusmittari          



            Kannettavat tietokoneet          



            Kopiokoneet (mustavalko)          



            Kopiokoneet (väri)          


                  Lainausautomaatti              


            Latauskaappi kännykälle          


                  Lehdenlukutabletit              


            Lepakkotutka eli lepakkodetektori          



            Nintendo Switch, Xbox X ja PlayStation 5          



            Palautusautomaatti          



            Roskapihdit          



            Skannerit          



            Tietokoneet          



            Tulostimet (mustavalko)          



            Tulostin (väri)          



            USB-muistit | Avoinna lauantaisin          



            Celia-verkkoasiakkaaksi rekisteröityminen          



            Digituki          



            Itsepalvelulainaus ja -palautus          



            Itsepalvelutulostus          



            Kaukopalvelu          



            Kiikarit          



            Koirat kielletty          



            Korttimaksumahdollisuus          



            Kouluyhteistyö, kirjastonkäytön opetus ja kiertokäynnit          


                  Langaton verkko              


            Lukupiirit          



            Omatoimikirjasto          



            Pääsyliput Luonnontieteelliseen keskusmuseoon          



            Retkireppu          



            Satutunnit          


                  Varausten itsepalvelunouto | Elopelto          



            Eväidensyöntialue          



            Hiidenkirnu          



            Ketunkolo          



            Lastenhoitonurkkaus          



            Lehtilukusali          



            Poukama          



            Puro          



            Roomalainen puutarha          



            Tilojen varaaminen          



            Vaunuparkki"
Valittukirjasto: Vuosaaren kirjasto,84880,"Mosaiikkitori 2, 00980 Helsinki",vuosaaren_kirjasto@hel.fi,"E-kirjasto (e-kirjat, äänikirjat, digilehdet)          



            Ekohylly          



            Käsikirjat          



            Lautapelit          



            Sateenkaarihylly          



            Vuosaari-kokoelma | 3D-tulostin          


                  Arabiankielinen näppäimistö              


            Hublet-tabletit          



            Kopiokone          



            Kyrillinen näppäimistö          



            Lainattavia liikuntavälineitä          



            Laminointilaite          



            Latauslaitteet          



            Lehdenlukutabletit          



            Muistikortinlukijat          



            Ompelukone          



            PlayStation 5 -pelikonsoli          



            Skanneri          



            Suurkuvatulostin          



            Tietokoneet          



            VHS- ja C-kasettidigitointiasema          



            Vinyylileikkuri ja lämpöprässi          



            Väritulostin | Avoinna lauantaisin              


            Celia-verkkoasiakkaaksi rekisteröityminen          



            Digituki          



            E-opas          



            Enter ry:n opastukset          



            Kahvila          



            Kirjakierrätys          


                  Koirat sallittu              


            Korttimaksumahdollisuus          


                  Kouluyhteistyö, kirjastonkäytön opetus ja kiertokäynnit              


            Langaton verkko          



            Palautusluukku          



            Paristojen ja mustekasettien kierrätyspiste | Kokoustila Mosaiikki          



            Lehtialue          



            Lukusali"
